{
  "language_tag": "zh-CN",
  "region_code": "CN",
  "novice": false,
  "ui": {
    "theme": "dark",
    "auto_orientation": false,
    "hide_dock_icon": false,
    "exclude_from_recent": false,
    "wake_lock": false,
    "hide_vpn": false,
    "disable_font_scaler": false,
    "hide_after_launch": false,
    "net_check_domain": "google.com",
    "diversion_rule_detect_domain": "google.com",
    "tv_mode": false
  },
  "dev": {
    "enable_debug_log": false,
    "pprof_port": 0,
    "allow_remote_access_pprof": false,
    "allow_remote_access_htmlboard": false
  },
  "ui_screen": {
    "widgets": [],
    "widgets_alpha": 255,
    "hide_invalid_server_my_profiles": false,
    "hide_invalid_server_select_server": false,
    "hide_invalid_server_diversion_rules": false,
    "sort_server_my_profiles": true,
    "sort_server_select_server": true,
    "sort_server_diversion_rules": false,
    "select_server_hide_recommand": false,
    "select_server_hide_recent": false,
    "select_server_hide_fav": false,
    "hide_unused_diversion_group": false,
    "my_link": "",
    "background_image_type": "",
    "background_image": "",
    "background_image_local": ""
  },
  "ntp": {
    "enable": true,
    "server": "time.apple.com"
  },
  "proxy": {
    "host": "127.0.0.1",
    "enable_cluster": false,
    "cluster_host": "127.0.0.1",
    "mixed_port": 3067,
    "mixed_direct_port": 3065,
    "mixed_forword_port": 3066,
    "mixed_net_share_port": 4067,
    "mixed_forword_net_share_port": 4066,
    "control_port": 3057,
    "cluster_port": 3050,
    "auto_set_system_proxy": false,
    "system_proxy_bypass_domain": [
      "<-loopback>",
      "<local>",
      "localhost",
      "*.local",
      "127.*",
      "10.*",
      "172.16.*",
      "172.17.*",
      "172.18.*",
      "172.19.*",
      "172.2*",
      "172.30.*",
      "172.31.*",
      "192.168.*"
    ],
    "disconnect_when_quit": false,
    "auto_add_to_firewall": true
  },
  "tun": {
    "enable": true,
    "stack": "mixed",
    "udp_timeout": 15,
    "i4_address": "10.20.0.1",
    "mtu": 9000,
    "auto_route": true,
    "auto_redirect": false,
    "strict_route": false,
    "allow_bypass": false,
    "append_http_proxy": true,
    "allow_bypass_httpproxy_domains": [],
    "hijack_dns": true,
    "loopback_address": ""
  },
  "dns": {
    "ttl": 43200,
    "enable_rule": false,
    "test_domain": "gstatic.com",
    "enable_client_subnet": true,
    "enable_inbound_domain_resolve": false,
    "enable_static_ip": false,
    "proxy_resolve_mode": "proxy",
    "resolver_addresses": [
      "local",
      "dhcp://auto",
      "https://1.1.1.1/dns-query",
      "udp://223.6.6.6"
    ],
    "outbound_addresses": [
      "local",
      "dhcp://auto",
      "udp://8.8.8.8",
      "udp://223.6.6.6"
    ],
    "direct_addresses": [
      "local",
      "dhcp://auto",
      "udp://8.8.8.8",
      "udp://223.6.6.6"
    ],
    "proxy_addresses": [
      "https://1.1.1.1/dns-query",
      "https://dns.google/dns-query"
    ],
    "client_subnet": "120.230.89.41",
    "client_subnet_latest_update": "2026-01-11 21:25:19.946739",
    "static_ips": {},
    "list": []
  },
  "tls": {
    "enable_insecure": false,
    "enable_fragment": false,
    "fragment_size": "1-256",
    "fragment_sleep": "0-1000",
    "enable_mixed_case_sni": false,
    "enable_padding": false,
    "padding_size": "1-1500"
  },
  "mux": {
    "enable": false,
    "padding": false,
    "protocol": "h2mux",
    "max_streams": 8,
    "outbound_types": []
  },
  "rule_sets": {
    "enable_geosite": true,
    "enable_geoip": true,
    "enable_acl": true,
    "auto_append_region_geosite": true,
    "auto_append_region_geoip": true,
    "use_remote_geosite": false,
    "use_remote_geoip": false,
    "use_remote_acl": false,
    "update_interval": 86400,
    "disable_custom_diversion_group": false,
    "disable_isp_diversion_group": false
  },
  "perapp": {
    "enable": true,
    "is_include": true,
    "list_android": [],
    "list_macos": [],
    "hide_system_app": true,
    "hide_app_icon": false
  },
  "auto_select": {
    "interval": 28800,
    "tolerance": 0,
    "prioritize_my_fav": false,
    "filter": false,
    "limited_num": 200,
    "selected_health_check_interval": null,
    "retest_if_network_udpate": true,
    "update_current_server_after_manual_urltest": true,
    "ignore_perproxy_server": false
  },
  "warp": {
    "license": ""
  },
  "webdav": {
    "url": "",
    "user": "",
    "password": ""
  },
  "auto_backup": {
    "add_profile": true,
    "remove_profile": false
  },
  "ads": {
    "banner_enable": false,
    "banner_reward_ad_expire": "",
    "banner_share_expire": ""
  },
  "statistics": {
    "enable": false,
    "data_desensitize": true,
    "cache_days": 7
  },
  "auto_connect_after_launch": true,
  "auto_connect_at_boot": true,
  "ip_strategy": "ipv4_only",
  "proxy_all": false,
  "front_proxy": [],
  "private_direct": true,
  "quit_when_switch_systemUser": false,
  "alway_on": false,
  "disconnect_after_sleep_seconds": null,
  "disable_ua_report": false,
  "user_agents": [],
  "speed_test_list": [],
  "speed_test": "https://speed.cloudflare.com/",
  "url_test_list": [],
  "url_test_timeout": 8,
  "url_test": "https://www.gstatic.com/generate_204",
  "latency_check_resolve_ip": false,
  "auto_update_channel": "stable",
  "auto_download_udpate_pkg": true,
  "origin_sb_profile": "",
  "html_board_port": 3072
}