{
  "items": [
    {
      "groupid": "custom",
      "urlOrPath": "",
      "remark": "自定义",
      "editAble": true,
      "groups": [
        {
          "groupid": "custom",
          "name": "🛑 广告拦截",
          "type": "",
          "or": true,
          "rule_set_build_in": [
            "acl:BanAD",
            "geosite:category-ads"
          ]
        },
        {
          "groupid": "custom",
          "name": "🍃 应用净化",
          "type": "",
          "or": true,
          "rule_set_build_in": [
            "acl:BanProgramAD",
            "acl:BanADCompany"
          ]
        },
        {
          "groupid": "custom",
          "name": "Ⓜ️ 微软Bing",
          "type": "",
          "or": true,
          "rule_set_build_in": [
            "geoip:bing",
            "geosite:bing"
          ]
        },
        {
          "groupid": "custom",
          "name": "Ⓜ️ 微软云盘",
          "type": "",
          "or": true,
          "rule_set_build_in": [
            "geosite:onedrive"
          ]
        },
        {
          "groupid": "custom",
          "name": "Ⓜ️ 微软服务",
          "type": "",
          "or": true,
          "rule_set_build_in": [
            "geosite:microsoft",
            "geosite:microsoft-dev",
            "geosite:microsoft-pki"
          ]
        },
        {
          "groupid": "custom",
          "name": "🍎 苹果服务",
          "type": "",
          "or": true,
          "rule_set_build_in": [
            "geosite:apple",
            "geosite:apple-ads",
            "geosite:apple-dev",
            "geosite:apple-pki",
            "geosite:apple-update"
          ]
        },
        {
          "groupid": "custom",
          "name": "📹 油管视频",
          "type": "",
          "or": true,
          "rule_set_build_in": [
            "geosite:youtube"
          ]
        },
        {
          "groupid": "custom",
          "name": "🌏 Google",
          "type": "",
          "or": true,
          "rule_set_build_in": [
            "geosite:google",
            "geoip:google"
          ]
        },
        {
          "groupid": "custom",
          "name": "📢 谷歌FCM",
          "type": "",
          "or": true,
          "rule_set_build_in": [
            "acl:GoogleFCM"
          ]
        },
        {
          "groupid": "custom",
          "name": "📲 电报消息",
          "type": "",
          "or": true,
          "rule_set_build_in": [
            "geoip:telegram",
            "geosite:telegram"
          ]
        },
        {
          "groupid": "custom",
          "name": "💬 OpenAI",
          "type": "",
          "or": true,
          "rule_set_build_in": [
            "geoip:openai",
            "geosite:openai"
          ]
        },
        {
          "groupid": "custom",
          "name": "🐱 GitHub",
          "type": "",
          "or": true,
          "rule_set_build_in": [
            "geoip:github",
            "geosite:github"
          ]
        },
        {
          "groupid": "custom",
          "name": "🎮 游戏平台",
          "type": "",
          "or": true,
          "rule_set_build_in": [
            "acl:Epic",
            "acl:Origin",
            "acl:Sony",
            "acl:Steam",
            "acl:Nintendo"
          ]
        },
        {
          "groupid": "custom",
          "name": "🎧 TikTok",
          "type": "",
          "or": true,
          "domain": [
            "app-cdn.minepi.com"
          ],
          "rule_set_build_in": [
            "geosite:tiktok"
          ]
        },
        {
          "groupid": "custom",
          "name": "📸 Instagram",
          "type": "",
          "or": true,
          "rule_set_build_in": [
            "geosite:instagram"
          ]
        },
        {
          "groupid": "custom",
          "name": "🎥 奈飞视频",
          "type": "",
          "or": true,
          "rule_set_build_in": [
            "geoip:netflix",
            "geosite:netflix"
          ]
        },
        {
          "groupid": "custom",
          "name": "📺 哔哩哔哩",
          "type": "",
          "or": true,
          "rule_set_build_in": [
            "acl:BilibiliHMT",
            "acl:Bilibili"
          ]
        },
        {
          "groupid": "custom",
          "name": "🎶 网易音乐",
          "type": "",
          "or": true,
          "rule_set_build_in": [
            "acl:NetEaseMusic"
          ]
        },
        {
          "groupid": "custom",
          "name": "🎯 国内直连",
          "type": "",
          "or": true,
          "domain": [
            "cdn.jsdelivr.net"
          ],
          "rule_set_build_in": [
            "acl:ChinaIp",
            "acl:ChinaDomain",
            "acl:ChinaCompanyIp",
            "acl:UnBan",
            "acl:SteamCN",
            "acl:Download",
            "acl:ChinaMedia"
          ]
        },
        {
          "groupid": "custom",
          "name": "🌏 国外穿墙",
          "type": "",
          "or": true,
          "rule_set_build_in": [
            "geosite:geolocation-!cn",
            "geosite:google",
            "geoip:google",
            "acl:ProxyGFWlist",
            "acl:ProxyMedia"
          ]
        },
        {
          "groupid": "custom",
          "name": "Discord",
          "type": "",
          "or": true,
          "domain_suffix": [
            ".discord.com"
          ],
          "domain_keyword": [
            "discord"
          ]
        },
        {
          "groupid": "custom",
          "name": "WeChat",
          "type": "",
          "or": true,
          "domain_suffix": [
            ".wechat.com",
            ".tencent.com",
            ".qq.com"
          ],
          "domain_keyword": [
            "wechat",
            "qq",
            "tencent"
          ]
        },
        {
          "groupid": "custom",
          "name": "Twitter",
          "type": "",
          "or": true,
          "domain_suffix": [
            ".twitter.com",
            ".x.com"
          ],
          "domain_keyword": [
            "twitter"
          ]
        },
        {
          "groupid": "custom",
          "name": "Proton",
          "type": "",
          "or": true,
          "domain_suffix": [
            ".protonmail.com",
            ".proton.com",
            ".pm.me"
          ],
          "domain_keyword": [
            "protonmail",
            "proton"
          ]
        },
        {
          "groupid": "custom",
          "name": "Douyin",
          "type": "",
          "or": true,
          "domain_keyword": [
            "douyin"
          ]
        },
        {
          "groupid": "custom",
          "name": "Kuaishou",
          "type": "",
          "or": true
        }
      ]
    }
  ],
  "rule_set_items": [
    {
      "tag": "https://raw.githubusercontent.com/sagernet/sing-geosite/rule-set/geosite-cn.srs",
      "type": "remote",
      "format": "binary",
      "url": "https://raw.githubusercontent.com/SagerNet/sing-geosite/rule-set/geosite-cn.srs"
    },
    {
      "tag": "https://raw.githubusercontent.com/sagernet/sing-geosite/rule-set/geosite-category-ads-all.srs",
      "type": "remote",
      "format": "binary",
      "url": "https://raw.githubusercontent.com/SagerNet/sing-geosite/rule-set/geosite-category-ads-all.srs"
    },
    {
      "tag": "https://raw.githubusercontent.com/sagernet/sing-geoip/rule-set/geoip-cn.srs",
      "type": "remote",
      "format": "binary",
      "url": "https://raw.githubusercontent.com/SagerNet/sing-geoip/rule-set/geoip-cn.srs"
    },
    {
      "tag": "https://raw.githubusercontent.77777766.xyz/sagernet/sing-geosite/rule-set/geosite-cn.srs",
      "type": "remote",
      "format": "binary",
      "url": "https://raw.githubusercontent.77777766.xyz/SagerNet/sing-geosite/rule-set/geosite-cn.srs"
    },
    {
      "tag": "https://raw.githubusercontent.77777766.xyz/sagernet/sing-geoip/rule-set/geoip-cn.srs",
      "type": "remote",
      "format": "binary",
      "url": "https://raw.githubusercontent.77777766.xyz/SagerNet/sing-geoip/rule-set/geoip-cn.srs"
    },
    {
      "tag": "https://raw.githubusercontent.com/sagernet/sing-geosite/rule-set/geosite-geolocation-!cn.srs",
      "type": "remote",
      "format": "binary",
      "url": "https://raw.githubusercontent.com/SagerNet/sing-geosite/rule-set/geosite-geolocation-!cn.srs"
    },
    {
      "tag": "https://raw.githubusercontent.com/loyalsoldier/geoip/release/srs/cn.srs",
      "type": "remote",
      "format": "binary",
      "url": "https://raw.githubusercontent.com/Loyalsoldier/geoip/release/srs/cn.srs"
    },
    {
      "tag": "https://fastly.jsdelivr.net/gh/sagernet/sing-geosite@rule-set/geosite-cn.srs",
      "type": "remote",
      "format": "binary",
      "url": "https://fastly.jsdelivr.net/gh/SagerNet/sing-geosite@rule-set/geosite-cn.srs"
    },
    {
      "tag": "https://fastly.jsdelivr.net/gh/sagernet/sing-geosite@rule-set/geosite-category-ads-all.srs",
      "type": "remote",
      "format": "binary",
      "url": "https://fastly.jsdelivr.net/gh/SagerNet/sing-geosite@rule-set/geosite-category-ads-all.srs"
    }
  ]
}